9fs.org/nigel n/nigel.1
9netics.com/9nut f/fst.1
9netics.com/fst f/fst.1
9netics.com/skip f/fst.1
acm.org/sstallion s/stallion.1
acsnet/boyd b/boyd.1
alcatel-lucent.be/unknown a/alu-be.1
alcatel-lucent.co.uk/unknown a/alu-uk.1
alcatel-lucent.com/noah.evans n/noah.1
alcatel-lucent.com/plus p/plus.1
alcatel-lucent.com/unknown a/alu.1
alcatel-lucent.de/unknown a/alu-de.1
alcatel-lucent.fr/unknown a/alu-fr.1
alcatel-lucent.nl/unknown a/alu-nl.1
alchar.org/aedil k/kris.1
aprote.ee/t.lankots t/tiit.1
ar/unknown u/unknown.ar
arm.com/unknown a/arm.1
astro/boyd b/boyd.1
astro/npe n/noah.1
astro/paurea p/paurea.1
at/unknown u/unknown.at
au/unknown u/unknown.au
be/unknown u/unknown.be
berzerked.org/quanstro q/quanstro.1
bg/unknown u/unknown.bg
bigpond.net.au/bell9260 b/brucee.1
bio.cse.psu.edu/schwartz s/scottschwartz.1
br/unknown u/unknown.br
bsdes.net/victor v/victor.1
ca/unknown u/unknown.ca
caldo.demon.co.uk/forsyth f/forsyth.1
carlphillips.com/carlp c/carlp.1
carlsonwagonlit.com/unknown w/wagonlits.1
cat-v.org/uriel y/yipyip.1
cbc.ca/unknown c/cbc.ca.1
ch/unknown u/unknown.ch
chunder.com/brucee b/brucee.1
cl/unknown u/unknown.cl
cmu.edu/pstanley p/pstanley.1
cn/unknown u/unknown.cn
comcast.net/unknown c/comcast.1
coraid.com/mennis m/mennis.1
coraid.com/quanstro q/quanstro.1
coraid.com/stallion s/stallion.1
coraid.com/unknown c/coraid.1
cr/unknown u/unknown.cr
cwru.edu/noah.evans n/noah.1
cz/unknown u/unknown.cz
de/unknown u/unknown.de
dk/unknown u/unknown.dk
ee/unknown u/unknown.ee
ens.fr/unknown e/ens.1
es/unknown u/unknown.es
faa.gov/unknown f/faa.1
fi/unknown u/unknown.fi
flowerbed.dyndns.org/zfolkerts z/zfolkerts.1
fr/unknown u/unknown.fr
france3.fr/boyd b/boyd.1
glinos.net/tg t/tg.1
gmail.com/andresdju a/andresdju.1
gmail.com/benavento f/fgb.1
gmail.com/bruce.ellis b/brucee.1
gmail.com/bruce.ellis b/brucee.2
gmail.com/devon.odell d/devon.1
gmail.com/ericvh e/ericvh.2
gmail.com/fariborz.t f/fst.1
gmail.com/gabidiaz g/gabidiaz.1
gmail.com/jmehat j/jmehat.1
gmail.com/joelcsalomon c/chesky.1
gmail.com/noah.evans n/noah.1
gmail.com/pablohaya p/pablo.1
gmail.com/paurea p/paurea.1
gmail.com/rogpeppe r/rog.1
gmail.com/saoret.one s/saoret.1
gmail.com/stanley.lieber s/sl.1
gmail.com/skip.tavakkolian f/fst.1
gmail.com/sstallion s/stallion.1
gmail.com/unknown g/gmail.1
gmail.com/uriel99 y/yipyip.1
google.com/unknown g/google.1
gr/unknown u/unknown.gr
gsyc.escet.urjc.es/nemo n/nemo.1
hamnavoe.com/9fans m/miller.1
hamnavoe.com/miller m/miller.1
harvard.edu/unknown h/harvard.1
hbs.edu/unknown h/harvard.1
home.com/brzr b/brucee.1
hu/unknown u/unknown.hu
ie/unknown u/unknown.ie
il/unknown u/unknown.il
in/unknown u/unknown.in
inria.fr/unknown i/inria.1
insultant.net/boyd b/boyd.1
inter.net/boyd b/boyd.1
is/unknown u/unknown.is
it.usyd.edu.au/boyd b/boyd.1
it/unknown u/unknown.it
jp/unknown u/unknown.jp
kix.es/kix k/kix.1
kr/unknown u/unknown.kr
lanl.gov/lionkov l/lionkov.1
lsub.org/cespedes c/cespedes.1
lsub.org/esoriano e/esoriano.1
lsub.org/nemo n/nemo.1
lsub.org/paurea p/paurea.1
lucent.com/plus p/plus.1
lucent.com/unknown l/lucent.1
math.psu.edu/cross d/dancross.1
mteege.de/unknown m/matthias.1
mx/unknown u/unknown.mx
my/unknown u/unknown.my
nii.ac.jp/satoh-yoshihide y/yoshihide.1
nl/unknown u/unknown.nl
no/unknown u/unknown.no
nz/unknown u/unknown.nz
pandora.be/z.mccarthy z/zed.1
picochip.com/unknown p/picochip.1
pl/unknown u/unknown.pl
plan9.escet.urjc.es/nemo n/nemo.1
plan9.jp/chesky c/chesky.1
planete.net/boyd b/boyd.1
proweb.co.uk/matt m/matt.h.1
proweb.co.uk/mattmobile m/matt.h.1
proxima.alt.za/lucio l/lucio.1
pt/unknown u/unknown.pt
quanstro.net/quanstro q/quanstro.1
quintile.net/steve s/stevesimon.1
rit.edu/unknown r/rit.1
ru/unknown u/unknown.ru
sdgm.net/boyd b/boyd.1
se/unknown u/unknown.se
sg/unknown u/unknown.sg
sinenomine.net/kvanhees k/kris.1
sk/unknown u/unknown.sk
snellwilcox.com/steve.simon s/stevesimon.1
solnetworks.net/dlewis d/dlewis.1
southern.edu/zfolkerts z/zfolkerts.1
speakeasy.net/quanstro q/quanstro.1
st.com/unknown s/st.1
starcenter.tn.org/sdavis s/sdavis.1
strakt.com/boyd b/boyd.1
su/unknown u/unknown.su
sympatico.ca/daiello d/daiello.1
telus.net/plalonde p/plalonde.1
terzarima.net/forsyth f/forsyth.1
th/unknown u/unknown.th
tj/unknown u/unknown.tj
ua/unknown u/unknown.ua
uc3m.es/alcortes a/alcortes.1
uga.edu/unknown g/georgia.1
unipg.it/mirko.mariotti m/mirko.1
us/unknown u/unknown.us
usps.com/unknown u/usps.1
utwente.nl/Axel.Belinfante a/axel.2
vitanuova.com/chris c/chrislocke.1
vitanuova.com/forsyth f/forsyth.1
vitanuova.com/karen k/karen.1
vitanuova.com/michael m/michael.1
vitanuova.com/rog r/rog.1
vitanuova.com/unknown v/vitanuova.1
xs4all.nl/mechiel m/mechiel.1
xsmail.com/maht0x0r m/maht0x0r.1
york.ac.uk/as234 a/as234.1
yu/unknown u/unknown.yu
za/unknown u/unknown.za
