aaai.org/unknown u/unknown.aaai.org
acsnet/unknown u/unknown.acsnet
adobe.com/unknown u/unknown.adobe.com
aero.org/unknown u/unknown.aero.org
ai.mit.edu/unknown u/unknown.ai.mit.edu
aibn54.mpifr-bonn.mpg.de/unknown u/u.aibn54.mpifr-bonn.mpg.de
alliant.com/unknown u/unknown.alliant.com
andrew.cmu.edu/info-andrew-request i/info-andrew-request.1
anl.gov/unknown u/unknown.anl.gov
aol.com/unknown u/unknown.aol.com
apex.com/unknown u/unknown.apex.com
apollo.com/unknown u/unknown.apollo.com
apple.com/unknown u/unknown.apple.com
ar/unknown u/unknown.ar
astro/adb a/adb.1
astro/andrew a/andrew.1
astro/ap a/ap.1
astro/bart b/bart.1
astro/bobf b/bobf.1
astro/bs b/bs.1
astro/bwk b/bwk.1
astro/ches c/ches.1
astro/dectalk d/dectalk.1
astro/dmg d/dmg.1
astro/dmr d/dmr.1
astro/doug d/doug.2
astro/ehg e/ehg.1
astro/gerard g/gerard.1
astro/hobby h/hobby.1
astro/howard h/howard.1
astro/jmk j/jmck.1
astro/judy j/judy.1
astro/kahrs k/kahrs.1
astro/ken k/ken.1
astro/llc l/llc.1
astro/pg p/pg.1
astro/philw p/philw.1
astro/phoneca d/dectalk.1
astro/pjw p/pjw.1
astro/postmaster p/postmaster.2
astro/presotto p/presotto.1
astro/rob r/rob.2
astro/root r/root.1
astro/sean s/sean.1
astro/seanq s/seanq.1
astro/td t/td.1
astro/tom t/tom.1
astro/unknown p/pjw.1
astro/uspostmaster p/postmaster.1
at/unknown u/unknown.at
athena.mit.edu/unknown u/unknown.athena.mit.edu
au/unknown u/unknown.au
auspex.com/unknown u/unknown.auspex.com
austek.oz.au/unknown u/unknown.austek.oz.au
babsy.mpifr-bonn.mpg.de/unknown u/u.babsy.mpifr-bonn.mpg.de
bbn.com/unknown u/unknown.bbn.com
be/unknown u/unknown.be
bellcore.com/unknown u/unknown.bellcore.com
berkeley.edu/unknown u/unknown.berkeley.edu
bloomington.in.us/unknown u/unknown.bloomington.in.us
br/unknown u/unknown.br
brown.edu/unknown u/unknown.brown.edu
bu.edu/info-futures-request i/info-futures-request.1
byu.edu/unknown u/unknown.byu.edu
ca/unknown u/unknown.ca
cadence.com/unknown u/unknown.cadence.com
caltech.edu/unknown u/unknown.caltech.edu
cb.att.com/unknown c/cow.1
cci.com/unknown u/unknown.cci.com
cdc.com/unknown u/unknown.cdc.com
cec.cmu.edu/unknown u/unknown.cec.cmu.edu
ch/unknown u/unknown.ch
chorus.com/unknown u/unknown.chorus.com
cl/unknown u/unknown.cl
clarinet.com/unknown u/unknown.clarinet.com
cmu.edu/ml-connectionists-request m/ml-connectionists-request.1
cmu.edu/unknown u/unknown.cmu.edu
cogsci.indiana.edu/unknown u/unknown.cogsci.indiana.edu
columbia.edu/unknown u/unknown.columbia.edu
com/unknown u/unknown.com
commodore.com/unknown u/unknown.commodore.com
convex.com/unknown u/unknown.convex.com
cpd.com/security-request s/security-request.1
cr/unknown u/unknown.cr
cray.com/unknown u/unknown.cray.com
cs.cmu.edu/unknown u/unknown.cs.cmu.edu
cs.indiana.edu/unknown u/unknown.cs.indiana.edu
cs.uiuc.edu/unknown u/unknown.cs.uiuc.edu
cs/unknown u/unknown.cs
csiro.au/unknown u/unknown.csiro.au
dartmouth.edu/unknown u/unknown.dartmouth.edu
de/unknown u/unknown.de
dec.com/unknown u/unknown.dec.com
dell.com/unknown u/unknown.dell.com
dg.com/unknown u/unknown.dg.com
dk/unknown u/unknown.dk
dmr.com/unknown u/unknown.dmr.com
duke.edu/unknown u/unknown.duke.edu
dupont.com/unknown u/unknown.dupont.com
ecn.purdue.edu/unknown u/unknown.ecn.purdue.edu
edu/unknown u/unknown.edu
eff.org/unknown u/unknown.eff.org
emulex.com/unknown u/unknown.emulex.com
encore.com/unknown u/unknown.encore.com
eos.com/unknown u/unknown.eos.com
epfl.ch/unknown u/unknown.epfl.ch
epoch.com/unknown u/unknown.epoch.com
ericsson.com/unknown u/unknown.ericsson.com
es/unknown u/unknown.es
etc/circuitboard c/circuitboard.1
etc/transistor t/transistor.1
eth/unknown u/unknown.eth
eu.net/unknown u/unknown.eu.net
europa/acsnet u/unknown.3
europarc.xerox.com/unknown u/unknown.europarc.xerox.com
fi/unknown u/unknown.fi
ford.com/unknown u/unknown.ford.com
fr/unknown u/unknown.fr
frame.com/unknown u/unknown.frame.com
fujitsu.co.jp/unknown u/unknown.fujitsu.co.jp
gaffa.mit.edu/love-hounds-request l/love-hounds-request.1
ge.com/unknown u/unknown.ge.com
gmd.de/unknown u/unknown.gmd.de
gnu.ai.mit.edu/unknown u/unknown.gnu.ai.mit.edu
gov/unknown u/unknown.gov
gr/unknown u/unknown.gr
gte.com/unknown u/unknown.gte.com
harvard.edu/unknown u/unknown.harvard.edu
hcr.com/unknown u/unknown.hcr.com
hp.com/unknown u/unknown.hp.com
hu/unknown u/unknown.hu
ibm.com/unknown u/unknown.ibm.com
icl.com/unknown u/unknown.icl.com
ie/unknown u/unknown.ie
ieee.org/unknown u/unknown.ieee.org
il.us/unknown u/unknown.il.us
il/unknown u/unknown.il
in/unknown u/unknown.in
indiana.edu/unknown u/unknown.indiana.edu
inel.gov/unknown u/unknown.inel.gov
informix.com/unknown u/unknown.informix.com
inria.fr/unknown u/unknown.inria.fr
insultant.net/boyd b/boyd.1
intel.com/unknown u/unknown.intel.com
iris.brown.edu/unknown u/unknown.iris.brown.edu
irisa.fr/unknown u/unknown.irisa.fr
is/unknown u/unknown.is
it.usyd.edu.au/boyd b/boyd.1
it/unknown u/unknown.it
japan/unknown u/unknown.japan
jp/unknown u/unknown.jp
jpl.nasa.gov/unknown u/unknown.jpl.nasa.gov
kodak.com/unknown u/unknown.kodak.com
kr/unknown u/unknown.kr
kuleuven.ac.be/unknown u/unknown.kuleuven.ac.be
labtam.oz.au/games-request g/games-request.1
labtam.oz.au/unknown u/unknown.labtam.oz.au
lbl.gov/unknown u/unknown.lbl.gov
lilly.com/unknown u/unknown.lilly.com
llnl.gov/unknown u/unknown.llnl.gov
locus.com/unknown u/unknown.locus.com
lsil.com/unknown u/unknown.lsil.com
lucasfilm/unknown u/unknown.lucasfilm
matrix.com/unknown u/unknown.matrix.com
mcgill.edu/unknown u/unknown.mcgill.edu
mcvax/unknown u/unknown.mcvax
meteo.fr/unknown u/unknown.meteo.fr
mickey.disney.com/unknown u/unknown.mickey.disney.com
mickey.disney.com/weights-request w/weights-request.1
microsoft.uucp/unknown u/unknown.microsoft.uucp
mil/unknown u/unknown.mil
mips.com/unknown u/unknown.mips.com
misc/acsnet a/acsnet.1
misc/adm a/adm.1
misc/bin b/bin.2
misc/cad c/cad.1
misc/daemon d/daemon.1
misc/games g/games.1
misc/lp l/lp.1
misc/mailer-daemon m/mailer-daemon.1
misc/mailq m/mailq.1
misc/mt m/mt.1
misc/news n/news.1
misc/noface n/noface.1
misc/postmaster p/postmaster.1
misc/printer p/printer.1
misc/question q/question.1
misc/root r/root.2
misc/rotary r/rotary.1
misc/sys s/sys.1
misc/unknown u/unknown.misc
misc/usenet u/usenet.1
misc/uucp u/uucp.1
misc/weather w/weather.1
misc/white w/white.1
mit.edu/unknown u/unknown.mit.edu
mitre.org/unknown u/unknown.mitre.org
mitsubishi.co.jp/unknown u/unknown.mitsubishi.co.jp
mpifr-bonn.mpg.de/unknown u/unknown.mpifr-bonn.mpg.de
mtxinu.com/unknown u/unknown.mtxinu.com
mx/unknown u/unknown.mx
my/unknown u/unknown.my
nasa.gov/unknown u/unknown.nasa.gov
ncd.com/unknown u/unknown.ncd.com
ncr.com/unknown u/unknown.ncr.com
nd.edu/unknown u/unknown.nd.edu
nec.com/unknown u/unknown.nec.com
net/unknown u/unknown.net
newcastle.ac.uk/unknown u/unknown.newcastle.ac.uk
next.com/unknown u/unknown.next.com
nl/unknown u/unknown.nl
no/unknown u/unknown.no
nz/unknown u/unknown.nz
ocf.berkeley.edu/unknown u/unknown.ocf.berkeley.edu
odu.edu/unknown u/unknown.odu.edu
oracle.com/unknown u/unknown.oracle.com
org/unknown u/unknown.org
osf.org/unknown u/unknown.osf.org
pencom.uucp/unknown u/unknown.pencom.uucp
pitt.edu/unknown u/unknown.pitt.edu
plus5.com/unknown u/unknown.plus5.com
polaroid.com/unknown u/unknown.polaroid.com
prism.gatech.edu/unknown u/unknown.prism.gatech.edu
pt/unknown u/unknown.pt
purdue.edu/unknown u/unknown.purdue.edu
pyramid.com/unknown u/unknown.pyramid.com
qiclab.uucp/unknown u/unknown.qiclab.uucp
qms.com/unknown u/unknown.qms.com
qmw.ac.uk/unknown u/unknown.qmw.ac.uk
rabbit.com/unknown u/unknown.rabbit.com
rain.com/unknown u/unknown.rain.com
rand.org/esperanto-request e/esperanto-request.1
ri.cmu.edu/unknown u/unknown.ri.cmu.edu
rice.edu/unknown u/unknown.rice.edu
saber.com/unknown u/unknown.saber.com
samsung.com/unknown u/unknown.samsung.com
sco.com/unknown u/unknown.sco.com
sdgm.net/boyd b/boyd.1
se/unknown u/unknown.se
sei.cmu.edu/unknown u/unknown.sei.cmu.edu
sequent.com/unknown u/unknown.sequent.com
sg/unknown u/unknown.sg
sgi.com/unknown u/unknown.sgi.com
sics.se/unknown u/unknown.sics.se
solbourne.com/unknown u/unknown.solbourne.com
sony.com/unknown u/unknown.sony.com
sq.com/unknown u/unknown.sq.com
stanford.edu/unknown u/unknown.stanford.edu
su/unknown u/unknown.su
sug.org/unknown u/unknown.sug.org
sug.std.com/unknown u/unknown.sug.std.com
sun.com/faces-request f/faces-request.1
sun.com/unicode-request u/unicode-request.1
sun.com/unknown u/unknown.sun.com
sybase.com/unknown u/unknown.sybase.com
tandem.com/unknown u/unknown.tandem.com
tartan.com/unknown u/unknown.tartan.com
tek.com/traveller-request t/traveller-request.1
th/unknown u/unknown.th
think.com/unknown u/unknown.think.com
ti.com/unknown u/unknown.ti.com
toronto.edu/unknown u/unknown.toronto.edu
tulane.edu/unknown u/unknown.tulane.edu
tx.us/unknown u/unknown.tx.us
ucla.edu/unknown u/unknown.ucla.edu
ucsc.edu/unknown u/unknown.ucsc.edu
uk/unknown u/unknown.uk
ukc.uucp/unknown u/unknown.ukc.uucp
umass.edu/unknown u/unknown.umass.edu
umd.edu/unknown u/unknown.umd.edu
umn.edu/unknown u/unknown.umn.edu
uni-dortmund.de/unknown u/unknown.uni-dortmund.de
uniforum.org/unknown u/unknown.uniforum.org
unisys.com/unknown u/unknown.unisys.com
us/unknown u/unknown.us
usc.edu/unknown u/unknown.usc.edu
usenix.org/unknown u/unknown.usenix.org
utholland/unknown u/unknown.utholland
uu.net/unknown u/unknown.uu.net
virginia.edu/perl-users-request p/perl-users-request.1
visix.com/unknown u/unknown.visix.com
wang.com/unknown u/unknown.wang.com
waterloo.edu/unknown u/unknown.waterloo.edu
waterloo/tcjones u/unknown.3
wesleyan.edu/unknown u/unknown.wesleyan.edu
wisc.edu/unknown u/unknown.wisc.edu
wyse.com/unknown u/unknown.wyse.com
xerox.com/unknown u/unknown.xerox.com
xylogics.com/unknown u/unknown.xylogics.com
xyplex.com/unknown u/unknown.xyplex.com
yu/unknown u/unknown.yu
za/unknown u/unknown.za
