acsnet/piers p/piers.1
amug.org/deeg1225 d/deeg1225.1
aladdin.com/unknown g/ghost.1
astro/adb a/adb.1
astro/alur a/alur.1
astro/bobf b/bobf.1
astro/bsb b/bsb.1
astro/bwk b/bwk.1
astro/ches c/ches.1
astro/clarkson c/clarkson.1
astro/cowsar c/cowsar.1
astro/cyoung c/cyoung.1
astro/dbm d/dbm.1
astro/dmg d/dmg.1
astro/dmr d/dmr.1
astro/doron d/doron.1
astro/doug d/doug.1
astro/ehg e/ehg.1
astro/freund f/freund.1
astro/ftg f/ftg.1
astro/george g/george.1
astro/gerard g/gerard.1
astro/hobby h/hobby.1
astro/howard h/howard.1
astro/jhv j/jhv.1
astro/jlb j/jlb.1
astro/jmk j/jmk.1
astro/judy j/judy.1
astro/k k/k.1
astro/lee l/lee.1
astro/libkin l/libkin.1
astro/lil l/lil.1
astro/lorenz l/lorenz.1
astro/mhw m/mhw.1
astro/mig m/mig.1
astro/mihalis m/mihalis.1
astro/nch n/nch.1
astro/paula p/paula.1
astro/pg p/pg.1
astro/philw p/philw.1
astro/pjw p/pjw.1
astro/presotto p/presotto.1
astro/rae r/rae.1
astro/ravi r/ravi.1
astro/riecke r/riecke.1
astro/rob r/rob.1
astro/rsc r/rsc.1
astro/sape s/sape.1
astro/savari s/savari.1
astro/sbranigan	s/sbranigan.1
astro/sean s/sean.1
astro/seanq s/seanq.1
astro/sjf s/sjf.1
astro/spm s/spm.1
astro/td t/td.1
astro/tgs t/tgs.1
astro/tkh t/tkh.1
astro/tor t/tor.1
astro/tsalamon t/tsalamon.1
astro/va v/va.1
astro/wmc w/wmc.1
cs.utwente.nl/sape s/sape.1
delbarton.org/rsc r/rsc.1
delbarton.org/unknown d/delbarton.1
microsoft.com/cwf c/cwf.1
pixar.com/td t/td.1
rentec.com/pjw p/pjw.1
research.att.com/aek a/aek.1
research.att.com/andrew a/andrew.1
research.att.com/llc l/llc.1
research.att.com/rsc r/rsc.1
research.att.com/rvc r/rvc.1
FACEDOM/glenda g/glenda.1
